{
  "config": {
    "session": {
      "maxAge": 86400000,
      "key": "EGG_SESS",
      "httpOnly": true,
      "encrypt": true,
      "overwrite": true,
      "signed": true,
      "encode": "<Function encode>",
      "decode": "<Function decode>",
      "genid": "<Function anonymous>"
    },
    "security": {
      "domainWhiteList": [],
      "protocolWhiteList": [],
      "defaultMiddleware": "csrf,hsts,methodnoallow,noopen,nosniff,csp,xssProtection,xframe,dta",
      "csrf": {
        "enable": true,
        "useSession": false,
        "ignoreJSON": false,
        "cookieName": "csrfToken",
        "sessionName": "csrfToken",
        "headerName": "x-csrf-token",
        "bodyName": "_csrf",
        "queryName": "_csrf",
        "matching": "<Function anonymous>"
      },
      "xframe": {
        "enable": true,
        "value": "SAMEORIGIN",
        "matching": "<Function anonymous>"
      },
      "hsts": {
        "enable": false,
        "maxAge": 31536000,
        "includeSubdomains": false
      },
      "dta": {
        "enable": true,
        "matching": "<Function anonymous>"
      },
      "methodnoallow": {
        "enable": true,
        "matching": "<Function anonymous>"
      },
      "noopen": {
        "enable": true,
        "matching": "<Function anonymous>"
      },
      "nosniff": {
        "enable": true,
        "matching": "<Function anonymous>"
      },
      "xssProtection": {
        "enable": true,
        "value": "1; mode=block",
        "matching": "<Function anonymous>"
      },
      "csp": {
        "enable": false,
        "policy": {}
      }
    },
    "helper": {
      "shtml": {}
    },
    "jsonp": {
      "limit": 50,
      "callback": [
        "_callback",
        "callback"
      ],
      "csrf": false
    },
    "onerror": {
      "errorPageUrl": "",
      "appErrorFilter": null
    },
    "i18n": {
      "defaultLocale": "en_US",
      "dirs": [
        "D:\\gitHub\\wxServer\\node_modules\\_egg-session@3.1.0@egg-session\\config\\locales",
        "D:\\gitHub\\wxServer\\node_modules\\_egg-security@2.0.0@egg-security\\config\\locales",
        "D:\\gitHub\\wxServer\\node_modules\\_egg-jsonp@2.0.0@egg-jsonp\\config\\locales",
        "D:\\gitHub\\wxServer\\node_modules\\_egg-onerror@2.0.0@egg-onerror\\config\\locales",
        "D:\\gitHub\\wxServer\\node_modules\\_egg-i18n@2.0.0@egg-i18n\\config\\locales",
        "D:\\gitHub\\wxServer\\node_modules\\_egg-watcher@3.0.0@egg-watcher\\config\\locales",
        "D:\\gitHub\\wxServer\\node_modules\\_egg-multipart@2.0.0@egg-multipart\\config\\locales",
        "D:\\gitHub\\wxServer\\node_modules\\_egg-development@2.1.0@egg-development\\config\\locales",
        "D:\\gitHub\\wxServer\\node_modules\\_egg-schedule@3.1.1@egg-schedule\\config\\locales",
        "D:\\gitHub\\wxServer\\node_modules\\_egg-logrotator@3.0.1@egg-logrotator\\config\\locales",
        "D:\\gitHub\\wxServer\\node_modules\\_egg-static@2.1.0@egg-static\\config\\locales",
        "D:\\gitHub\\wxServer\\node_modules\\_egg-view@2.0.0@egg-view\\config\\locales",
        "D:\\gitHub\\wxServer\\node_modules\\_egg@2.3.0@egg\\config\\locales",
        "D:\\gitHub\\wxServer\\config\\locales"
      ],
      "queryField": "locale",
      "cookieField": "locale",
      "cookieMaxAge": "1y",
      "functionName": "__"
    },
    "watcher": {
      "type": "development",
      "eventSources": {
        "default": "D:\\gitHub\\wxServer\\node_modules\\_egg-watcher@3.0.0@egg-watcher\\lib\\event-sources\\default",
        "development": "D:\\gitHub\\wxServer\\node_modules\\_egg-watcher@3.0.0@egg-watcher\\lib\\event-sources\\development"
      }
    },
    "multipart": {
      "autoFields": false,
      "defaultCharset": "utf8",
      "fieldNameSize": 100,
      "fieldSize": 102400,
      "fields": 10,
      "fileSize": 10485760,
      "files": 10,
      "fileExtensions": [],
      "whitelist": null
    },
    "development": {
      "watchDirs": [],
      "ignoreDirs": [],
      "fastReady": false,
      "reloadOnDebug": true,
      "overrideDefault": false
    },
    "logrotator": {
      "filesRotateByHour": null,
      "hourDelimiter": "-",
      "filesRotateBySize": null,
      "maxFileSize": 52428800,
      "maxFiles": 10,
      "rotateDuration": 60000,
      "maxDays": 31
    },
    "static": {
      "prefix": "/public/",
      "dir": "D:\\gitHub\\wxServer\\app\\public",
      "dynamic": true,
      "preload": false,
      "buffer": false,
      "maxFiles": 1000,
      "files": "<LRU>"
    },
    "view": {
      "root": "D:\\gitHub\\wxServer\\app\\view",
      "cache": false,
      "defaultExtension": ".html",
      "defaultViewEngine": "",
      "mapping": {}
    },
    "env": "local",
    "name": "MyBlog",
    "keys": "<String len: 14>",
    "proxy": false,
    "protocolHeaders": "x-forwarded-proto",
    "ipHeaders": "x-forwarded-for",
    "hostHeaders": "x-forwarded-host",
    "pkg": {
      "name": "MyBlog",
      "version": "0.0.1",
      "scripts": {
        "predev": "start tsc",
        "dev": "set TOKEN=yosmui&& egg-bin dev",
        "init": "cnpm install"
      },
      "dependencies": {
        "egg": "^2.0.0",
        "egg-scripts": "^2.1.0",
        "mongoose": "^4.12.6"
      },
      "devDependencies": {
        "@types/mongoose": "^4.7.24",
        "@types/node": "^8.0.47",
        "ts-node": "^3.3.0",
        "typescript": "^2.6.1",
        "autod": "^3.0.1",
        "autod-egg": "^1.0.0",
        "egg-bin": "^4.3.5",
        "egg-ci": "^1.8.0",
        "egg-mock": "^3.13.0"
      }
    },
    "baseDir": "D:\\gitHub\\wxServer",
    "HOME": "C:\\Users\\11271",
    "rundir": "D:\\gitHub\\wxServer\\run",
    "dump": {
      "ignore": "<Set>"
    },
    "confusedConfigurations": {
      "bodyparser": "bodyParser",
      "notFound": "notfound",
      "sitefile": "siteFile",
      "middlewares": "middleware",
      "httpClient": "httpclient"
    },
    "notfound": {
      "pageUrl": ""
    },
    "siteFile": {
      "/favicon.ico": "<Buffer len: 14191>"
    },
    "bodyParser": {
      "enable": true,
      "encoding": "utf8",
      "formLimit": "100kb",
      "jsonLimit": "100kb",
      "strict": true,
      "queryString": {
        "arrayLimit": 100,
        "depth": 5,
        "parameterLimit": 1000
      },
      "returnRawBody": true
    },
    "logger": {
      "dir": "D:\\gitHub\\wxServer\\logs\\MyBlog",
      "encoding": "utf8",
      "env": "local",
      "level": "INFO",
      "consoleLevel": "INFO",
      "disableConsoleAfterReady": false,
      "outputJSON": false,
      "buffer": true,
      "appLogName": "MyBlog-web.log",
      "coreLogName": "egg-web.log",
      "agentLogName": "egg-agent.log",
      "errorLogName": "common-error.log",
      "coreLogger": {
        "consoleLevel": "WARN"
      },
      "allowDebugAtProd": true,
      "type": "application"
    },
    "httpclient": {
      "enableDNSCache": false,
      "dnsCacheMaxLength": 1000,
      "dnsCacheMaxAge": 10000,
      "request": {
        "timeout": 5000
      },
      "httpAgent": {
        "keepAlive": true,
        "freeSocketKeepAliveTimeout": 4000,
        "maxSockets": 9007199254740991,
        "maxFreeSockets": 256
      },
      "httpsAgent": {
        "keepAlive": true,
        "freeSocketKeepAliveTimeout": 4000,
        "maxSockets": 9007199254740991,
        "maxFreeSockets": 256
      }
    },
    "meta": {
      "enable": true,
      "logging": false
    },
    "coreMiddleware": [
      "meta",
      "siteFile",
      "notfound",
      "static",
      "bodyParser",
      "overrideMethod",
      "session",
      "securities",
      "i18n"
    ],
    "workerStartTimeout": 600000,
    "cluster": {
      "listen": {
        "path": "",
        "port": 7001,
        "hostname": ""
      }
    },
    "clusterClient": {
      "responseTimeout": 60000
    },
    "middleware": [],
    "coreMiddlewares": [
      "meta",
      "siteFile",
      "notfound",
      "static",
      "bodyParser",
      "overrideMethod",
      "session",
      "securities",
      "i18n"
    ],
    "appMiddlewares": [],
    "appMiddleware": [],
    "multipartParseOptions": {
      "autoFields": false,
      "defCharset": "utf8",
      "limits": {
        "fieldNameSize": 100,
        "fieldSize": 102400,
        "fields": 10,
        "fileSize": 10485760,
        "files": 10
      },
      "checkFile": "<Function checkFile>"
    }
  },
  "plugins": {
    "session": {
      "enable": true,
      "package": "egg-session",
      "name": "session",
      "dependencies": [],
      "optionalDependencies": [],
      "env": [],
      "from": "D:\\gitHub\\wxServer\\node_modules\\_egg@2.3.0@egg\\config\\plugin.js",
      "path": "D:\\gitHub\\wxServer\\node_modules\\_egg-session@3.1.0@egg-session",
      "version": "3.1.0"
    },
    "security": {
      "enable": true,
      "package": "egg-security",
      "name": "security",
      "dependencies": [],
      "optionalDependencies": [
        "session"
      ],
      "env": [],
      "from": "D:\\gitHub\\wxServer\\node_modules\\_egg@2.3.0@egg\\config\\plugin.js",
      "path": "D:\\gitHub\\wxServer\\node_modules\\_egg-security@2.0.0@egg-security",
      "version": "2.0.0"
    },
    "jsonp": {
      "enable": true,
      "package": "egg-jsonp",
      "name": "jsonp",
      "dependencies": [],
      "optionalDependencies": [
        "security"
      ],
      "env": [],
      "from": "D:\\gitHub\\wxServer\\node_modules\\_egg@2.3.0@egg\\config\\plugin.js",
      "path": "D:\\gitHub\\wxServer\\node_modules\\_egg-jsonp@2.0.0@egg-jsonp",
      "version": "2.0.0"
    },
    "onerror": {
      "enable": true,
      "package": "egg-onerror",
      "name": "onerror",
      "dependencies": [],
      "optionalDependencies": [
        "jsonp"
      ],
      "env": [],
      "from": "D:\\gitHub\\wxServer\\node_modules\\_egg@2.3.0@egg\\config\\plugin.js",
      "path": "D:\\gitHub\\wxServer\\node_modules\\_egg-onerror@2.0.0@egg-onerror",
      "version": "2.0.0"
    },
    "i18n": {
      "enable": true,
      "package": "egg-i18n",
      "name": "i18n",
      "dependencies": [],
      "optionalDependencies": [],
      "env": [],
      "from": "D:\\gitHub\\wxServer\\node_modules\\_egg@2.3.0@egg\\config\\plugin.js",
      "path": "D:\\gitHub\\wxServer\\node_modules\\_egg-i18n@2.0.0@egg-i18n",
      "version": "2.0.0"
    },
    "watcher": {
      "enable": true,
      "package": "egg-watcher",
      "name": "watcher",
      "dependencies": [],
      "optionalDependencies": [],
      "env": [],
      "from": "D:\\gitHub\\wxServer\\node_modules\\_egg@2.3.0@egg\\config\\plugin.js",
      "path": "D:\\gitHub\\wxServer\\node_modules\\_egg-watcher@3.0.0@egg-watcher",
      "version": "3.0.0"
    },
    "multipart": {
      "enable": true,
      "package": "egg-multipart",
      "name": "multipart",
      "dependencies": [],
      "optionalDependencies": [],
      "env": [],
      "from": "D:\\gitHub\\wxServer\\node_modules\\_egg@2.3.0@egg\\config\\plugin.js",
      "path": "D:\\gitHub\\wxServer\\node_modules\\_egg-multipart@2.0.0@egg-multipart",
      "version": "2.0.0"
    },
    "development": {
      "enable": true,
      "package": "egg-development",
      "name": "development",
      "dependencies": [
        "watcher"
      ],
      "optionalDependencies": [],
      "env": [
        "local"
      ],
      "from": "D:\\gitHub\\wxServer\\node_modules\\_egg@2.3.0@egg\\config\\plugin.js",
      "path": "D:\\gitHub\\wxServer\\node_modules\\_egg-development@2.1.0@egg-development",
      "version": "2.1.0"
    },
    "schedule": {
      "enable": true,
      "package": "egg-schedule",
      "name": "schedule",
      "dependencies": [],
      "optionalDependencies": [],
      "env": [],
      "from": "D:\\gitHub\\wxServer\\node_modules\\_egg@2.3.0@egg\\config\\plugin.js",
      "path": "D:\\gitHub\\wxServer\\node_modules\\_egg-schedule@3.1.1@egg-schedule",
      "version": "3.1.1"
    },
    "logrotator": {
      "enable": true,
      "package": "egg-logrotator",
      "name": "logrotator",
      "dependencies": [
        "schedule"
      ],
      "optionalDependencies": [],
      "env": [],
      "from": "D:\\gitHub\\wxServer\\node_modules\\_egg@2.3.0@egg\\config\\plugin.js",
      "path": "D:\\gitHub\\wxServer\\node_modules\\_egg-logrotator@3.0.1@egg-logrotator",
      "version": "3.0.1"
    },
    "static": {
      "enable": true,
      "package": "egg-static",
      "name": "static",
      "dependencies": [],
      "optionalDependencies": [],
      "env": [],
      "from": "D:\\gitHub\\wxServer\\node_modules\\_egg@2.3.0@egg\\config\\plugin.js",
      "path": "D:\\gitHub\\wxServer\\node_modules\\_egg-static@2.1.0@egg-static",
      "version": "2.1.0"
    },
    "view": {
      "enable": true,
      "package": "egg-view",
      "name": "view",
      "dependencies": [],
      "optionalDependencies": [],
      "env": [],
      "from": "D:\\gitHub\\wxServer\\node_modules\\_egg@2.3.0@egg\\config\\plugin.js",
      "path": "D:\\gitHub\\wxServer\\node_modules\\_egg-view@2.0.0@egg-view",
      "version": "2.0.0"
    }
  }
}